model,mapping,precision,bot_precision,human_precision,recall,bot_recall,human_recall,weighted_f1,bot_f1,human_f1,accuracy,roc_auc,tn_fp_fn_tp,num_contrib
BIMBIS,ghmap,0.894023,0.901907,0.886364,0.89384,0.880319,0.906977,0.893807,,,0.89384,0.893648,[351  36  45 331],763
BIMBIS-noNR,ghmap,0.897916,0.904891,0.891139,0.897772,0.885638,0.909561,0.897745,,,0.897772,0.8976,[352  35  43 333],763
bimlab,ghmap,0.869497,0.90991,0.830233,0.865007,0.805851,0.922481,0.864465,,,0.865007,0.864166,[357  30  73 303],763
BIMBAS,rbmap,0.9007,0.9121,0.8897,0.9004,0.883,0.9173,0.9003,0.8973,0.9033,0.9004,0.9001,[355  32  44 332],763
BIMBASELINE,rbmap,0.9005,0.9054,0.8957,0.9004,0.891,0.9096,0.9004,0.8981,0.9026,0.9004,0.9003,[352  35  41 335],763
