model,precision,bot_precision,human_precision,recall,bot_recall,human_recall,weighted_f1,accuracy,roc_auc,tn_fp_fn_tp,num_contrib
rabbit(untr),0.904767,0.91689,0.892768,0.904393,0.888312,0.920308,0.904362,0.904393,0.90431,[358  31  43 342],774
ghmap(untr),0.894093,0.897638,0.890585,0.894057,0.888312,0.899743,0.894051,0.894057,0.894027,[350  39  43 342],774
bimbas,0.90047,0.905405,0.895674,0.900393,0.890957,0.909561,0.900376,0.900393,0.900259,[352  35  41 335],763
bimbis,0.894023,0.901907,0.886364,0.89384,0.880319,0.906977,0.893807,0.89384,0.893648,[351  36  45 331],763
bimbis-noNR,0.897916,0.904891,0.891139,0.897772,0.885638,0.909561,0.897745,0.897772,0.8976,[352  35  43 333],763
ghmap,0.895178,0.897849,0.892583,0.895151,0.888298,0.901809,0.89514,0.895151,0.895053,[349  38  42 334],763
