,precision,bot_precision,human_precision,recall,bot_recall,human_recall,weighted_f1,accuracy,tn_fp_fn_tp,num_contrib,roc_auc
rabbit,0.9047667493637488,0.9168900804289544,0.8927680798004988,0.9043927648578812,0.8883116883116883,0.9203084832904884,0.9043621102552504,0.9043927648578812,[358  31  43 342],774,0.9043100858010884
ghmap,0.8940932948503633,0.8976377952755905,0.8905852417302799,0.8940568475452196,0.8883116883116883,0.8997429305912596,0.8940511879242462,0.8940568475452196,[350  39  43 342],774,0.894027309451474
