,precision,bot_precision,human_precision,recall,bot_recall,human_recall,weighted_f1,accuracy,tn_fp_fn_tp,num_contrib,roc_auc
ghmap,0.8916895327495178,0.8951612903225806,0.8883248730964467,0.891644908616188,0.883289124668435,0.8997429305912596,0.8916292040961252,0.891644908616188,[350  39  44 333],766,0.8915160276298474
rabbit,0.9047667493637487,0.9168900804289544,0.8927680798004988,0.9043927648578811,0.8883116883116883,0.9203084832904884,0.9043621102552505,0.9043927648578811,[358  31  43 342],774,0.9043100858010884
